record_no,id,big_data_skills,maths_stats_skills,coding_skills,ai_and_ml_skills,dashboard_and_storytelling_skills,salary_hike_high_or_low,flag_id_collision,flag_repeat_score_profile,flag_outlier_z3,outcome,tech_mean,skill_spread,n_skills_ge4,cluster
1,2809,3.6,4.0,4.5,4.8,5.0,1,0,0,0,High hike,4.38,0.5761944116355173,4,1
2,2231,5.0,3.8,3.3,5.0,4.4,0,0,0,0,Low hike,4.3,0.7483314773547883,3,2
3,3522,4.1,3.8,4.4,4.2,5.0,1,0,0,0,High hike,4.3,0.4472135954999581,4,1
4,3291,4.4,3.0,3.3,4.6,2.3,0,1,0,0,Low hike,3.5199999999999996,0.967987603226405,2,2
5,3424,2.3,2.3,2.6,3.3,3.0,0,0,0,0,Low hike,2.7,0.44158804331639234,0,0
6,3757,5.0,3.8,2.6,4.9,2.9,0,0,0,0,Low hike,3.84,1.1058933040759404,2,2
7,2544,3.0,5.0,5.0,5.0,5.0,1,0,0,0,High hike,4.6,0.8944271909999157,4,1
8,3482,3.8,4.4,3.4,3.0,4.8,0,0,0,0,Low hike,3.88,0.7293833011524188,2,0
9,3702,3.5,4.4,5.0,4.6,5.0,1,0,0,0,High hike,4.5,0.6164414002968976,4,1
10,3312,5.0,3.1,5.0,4.8,3.2,0,0,0,0,Low hike,4.22,0.9808159868191382,3,2
11,3944,2.4,5.0,5.0,5.0,5.0,1,0,0,0,High hike,4.4799999999999995,1.1627553482998907,4,1
12,2668,4.9,2.7,3.8,4.6,5.0,0,0,0,0,Low hike,4.2,0.9617692030835672,3,2
13,2386,3.8,5.0,4.6,4.7,5.0,1,0,0,0,High hike,4.62,0.4919349550499538,4,1
14,2622,3.6,5.0,5.0,5.0,5.0,1,0,0,0,High hike,4.720000000000001,0.626099033699941,4,1
15,3398,4.5,5.0,5.0,5.0,5.0,1,0,0,0,High hike,4.9,0.22360679774997896,5,1
16,3043,2.9,5.0,4.4,5.0,4.4,0,0,0,0,Low hike,4.340000000000001,0.8590692637965813,4,1
17,2292,3.7,4.8,4.6,5.0,3.3,0,0,0,0,Low hike,4.28,0.7395944834840238,3,1
18,3101,5.0,3.9,5.0,4.2,5.0,1,0,0,0,High hike,4.62,0.5310367218940701,4,1
19,3861,3.1,5.0,5.0,5.0,5.0,1,0,0,0,High hike,4.62,0.8497058314499202,4,1
20,2381,2.8,4.9,5.0,5.0,5.0,1,0,0,0,High hike,4.54,0.9736529155710469,4,1
21,3176,2.9,5.0,3.9,5.0,2.3,0,0,0,0,Low hike,3.8200000000000003,1.2194260945215172,2,2
22,3060,3.8,5.0,3.2,4.6,2.5,0,0,0,0,Low hike,3.8200000000000003,1.0158740079360233,2,2
23,2518,2.9,2.5,3.2,5.0,3.9,0,0,0,0,Low hike,3.5,0.9823441352194251,1,2
24,3876,3.5,4.5,4.6,4.4,4.6,0,0,0,0,Low hike,4.32,0.4658325879540845,4,1
25,2511,4.3,5.0,5.0,5.0,5.0,1,0,0,0,High hike,4.86,0.3130495168499706,5,1
26,2180,4.0,5.0,5.0,5.0,5.0,1,0,0,0,High hike,4.8,0.44721359549995787,5,1
27,3819,2.4,3.4,3.1,4.3,2.5,0,0,0,0,Low hike,3.1399999999999997,0.7700649323271382,1,2
28,3788,4.4,4.0,4.1,4.9,2.9,0,0,0,0,Low hike,4.06,0.7368853370776218,4,2
29,3608,5.0,5.0,4.6,2.8,3.7,0,0,0,0,Low hike,4.22,0.9549869109050658,3,0
30,3291,4.8,4.5,5.0,4.8,5.0,1,1,0,0,High hike,4.82,0.20493901531919198,5,1
31,2845,5.0,3.5,3.1,4.3,5.0,0,0,0,0,Low hike,4.18,0.864291617453276,3,2
32,3400,3.1,3.8,4.1,4.9,3.8,0,0,0,0,Low hike,3.94,0.6503845016603641,2,2
33,2963,3.6,4.0,4.5,4.8,5.0,0,0,0,0,Low hike,4.38,0.5761944116355173,4,1
34,2627,5.0,3.8,3.3,5.0,4.4,0,0,1,0,Low hike,4.3,0.7483314773547883,3,2
35,3742,4.1,3.8,4.4,4.2,5.0,0,0,0,0,Low hike,4.3,0.4472135954999581,4,1
36,2651,4.4,3.0,3.3,4.6,2.3,0,0,1,0,Low hike,3.5199999999999996,0.967987603226405,2,2
37,2931,2.3,2.3,2.6,3.3,3.0,0,0,1,0,Low hike,2.7,0.44158804331639234,0,0
38,2132,5.0,3.8,2.6,4.9,2.9,0,0,1,0,Low hike,3.84,1.1058933040759404,2,2
39,3287,3.0,5.0,5.0,5.0,5.0,0,0,0,0,Low hike,4.6,0.8944271909999157,4,1
40,2530,3.8,4.4,3.4,3.0,4.8,1,0,0,0,High hike,3.88,0.7293833011524188,2,0
41,2812,3.5,4.4,5.0,4.6,5.0,1,0,1,0,High hike,4.5,0.6164414002968976,4,1
42,3781,5.0,3.1,5.0,4.8,3.2,0,0,1,0,Low hike,4.22,0.9808159868191382,3,2
43,3160,2.4,5.0,5.0,5.0,5.0,0,0,0,0,Low hike,4.4799999999999995,1.1627553482998907,4,1
44,2189,4.9,2.7,3.8,4.6,5.0,0,0,1,0,Low hike,4.2,0.9617692030835672,3,2
45,2088,3.8,5.0,4.6,4.7,5.0,0,0,0,0,Low hike,4.62,0.4919349550499538,4,1
46,2261,3.6,5.0,5.0,5.0,5.0,1,0,1,0,High hike,4.720000000000001,0.626099033699941,4,1
47,3418,4.5,5.0,5.0,5.0,5.0,1,0,1,0,High hike,4.9,0.22360679774997896,5,1
48,3530,2.9,5.0,4.4,5.0,4.4,1,0,0,0,High hike,4.340000000000001,0.8590692637965813,4,1
49,2711,3.7,4.8,4.6,5.0,3.3,1,0,0,0,High hike,4.28,0.7395944834840238,3,1
50,2355,5.0,3.9,5.0,4.2,5.0,1,0,1,0,High hike,4.62,0.5310367218940701,4,1
51,3150,3.1,5.0,5.0,5.0,5.0,1,0,1,0,High hike,4.62,0.8497058314499202,4,1
52,2171,2.8,4.9,5.0,5.0,5.0,1,0,1,0,High hike,4.54,0.9736529155710469,4,1
53,3408,2.9,5.0,3.9,5.0,2.3,1,0,0,0,High hike,3.8200000000000003,1.2194260945215172,2,2
54,3407,3.8,5.0,3.2,4.6,2.5,1,0,0,0,High hike,3.8200000000000003,1.0158740079360233,2,2
55,2681,2.9,2.5,3.2,5.0,3.9,0,0,1,0,Low hike,3.5,0.9823441352194251,1,2
56,2136,3.5,4.5,4.6,4.4,4.6,1,0,0,0,High hike,4.32,0.4658325879540845,4,1
57,2053,4.3,5.0,5.0,5.0,5.0,1,0,1,0,High hike,4.86,0.3130495168499706,5,1
58,2529,4.0,5.0,5.0,5.0,5.0,0,0,0,0,Low hike,4.8,0.44721359549995787,5,1
59,2223,2.4,3.4,3.1,4.3,2.5,0,1,1,0,Low hike,3.1399999999999997,0.7700649323271382,1,2
60,3807,4.2,5.0,5.0,4.5,5.0,1,0,0,0,High hike,4.74,0.37148351242013417,5,1
61,4000,3.1,5.0,4.9,4.6,5.0,1,0,0,0,High hike,4.5200000000000005,0.8105553651663777,4,1
62,2620,2.6,5.0,5.0,3.0,5.0,0,0,0,0,Low hike,4.12,1.2132600710482482,3,0
63,2962,2.3,4.6,4.3,3.8,5.0,0,0,0,0,Low hike,4.0,1.0464224768228174,3,1
64,2212,3.5,2.4,4.6,5.0,2.9,0,0,0,0,Low hike,3.6799999999999997,1.1031772296417288,2,2
65,3326,4.8,5.0,4.4,2.9,3.5,0,0,0,0,Low hike,4.12,0.8927485648266258,3,0
66,3768,3.1,4.1,5.0,5.0,5.0,0,0,0,0,Low hike,4.4399999999999995,0.8443932733033821,4,1
67,2635,3.3,5.0,5.0,5.0,5.0,1,0,0,0,High hike,4.66,0.7602631123499285,4,1
68,3695,4.0,4.6,5.0,4.7,5.0,1,0,0,0,High hike,4.66,0.40987803063838396,5,1
69,2275,3.0,5.0,5.0,5.0,5.0,1,0,1,0,High hike,4.6,0.8944271909999157,4,1
70,3504,4.8,4.9,4.9,4.8,4.2,1,0,0,0,High hike,4.72,0.2949576240750525,5,1
71,2536,4.5,4.1,5.0,5.0,5.0,1,0,0,0,High hike,4.720000000000001,0.4086563348340511,5,1
72,2906,3.3,5.0,4.8,5.0,5.0,1,0,0,0,High hike,4.62,0.7429670248402686,4,1
73,2759,5.0,4.2,4.4,4.7,5.0,1,0,0,0,High hike,4.66,0.3577708763999662,5,1
74,2045,4.1,5.0,5.0,5.0,5.0,1,0,0,0,High hike,4.82,0.4024922359499623,5,1
75,2161,4.6,3.9,5.0,4.6,5.0,1,0,0,0,High hike,4.62,0.4494441010848847,4,1
76,3032,4.6,5.0,4.5,5.0,5.0,1,0,0,0,High hike,4.82,0.24899799195977473,5,1
77,3679,3.1,5.0,5.0,5.0,5.0,1,0,1,0,High hike,4.62,0.8497058314499202,4,1
78,3106,3.0,3.5,2.9,5.0,5.0,0,0,0,0,Low hike,3.88,1.047377677822093,2,2
79,3281,3.2,5.0,5.0,5.0,5.0,1,0,0,0,High hike,4.64,0.8049844718999243,4,1
80,2094,3.4,4.4,3.3,5.0,4.4,0,0,0,0,Low hike,4.1,0.7280109889280519,3,2
81,2276,3.9,2.7,2.2,5.0,5.0,0,0,0,0,Low hike,3.7600000000000002,1.2895735729302147,2,2
82,2966,4.3,5.0,4.7,5.0,5.0,1,0,0,0,High hike,4.8,0.30822070014844893,5,1
83,3773,5.0,5.0,5.0,4.8,5.0,1,0,0,0,High hike,4.96,0.08944271909999167,5,1
84,3855,5.0,3.5,2.9,3.5,3.1,0,0,0,0,Low hike,3.6,0.8246211251235321,1,0
85,2405,3.7,4.5,3.9,3.5,5.0,0,0,0,0,Low hike,4.12,0.6180614856144977,2,0
86,2925,2.8,2.2,2.3,3.6,2.7,0,0,0,0,Low hike,2.72,0.5540758070878028,0,0
87,2981,4.7,4.5,3.0,5.0,5.0,1,0,0,0,High hike,4.4399999999999995,0.8324662155306966,4,2
88,2991,2.9,3.9,2.9,5.0,4.8,0,0,0,0,Low hike,3.9,1.002496882788171,2,2
89,2667,5.0,4.8,5.0,3.0,3.0,0,0,0,0,Low hike,4.16,1.0620734437881403,3,0
90,3841,4.1,4.9,4.8,5.0,5.0,1,0,0,0,High hike,4.76,0.37815340802378095,5,1
91,2310,3.8,5.0,5.0,4.8,5.0,1,0,0,0,High hike,4.720000000000001,0.521536192416212,4,1
92,2725,2.5,5.0,3.2,5.0,2.7,0,0,0,0,Low hike,3.6799999999999997,1.231665539016173,2,2
93,2630,5.0,5.0,5.0,4.9,5.0,1,0,0,0,High hike,4.9799999999999995,0.044721359549995635,5,1
94,2487,3.7,5.0,5.0,5.0,5.0,1,0,0,0,High hike,4.74,0.5813776741499452,4,1
95,2577,4.9,5.0,5.0,5.0,5.0,1,0,0,0,High hike,4.9799999999999995,0.044721359549995635,5,1
96,3476,2.5,4.3,5.0,3.1,3.0,0,0,0,0,Low hike,3.5799999999999996,1.0329569206893383,2,0
97,3440,4.1,5.0,5.0,4.9,5.0,1,0,0,0,High hike,4.8,0.39370039370059073,5,1
98,3618,3.5,5.0,4.4,4.8,5.0,1,0,0,0,High hike,4.54,0.6308724118235002,4,1
99,3818,3.1,5.0,3.3,5.0,5.0,1,0,0,0,High hike,4.279999999999999,0.9884331034521254,3,1
100,2941,4.4,2.7,5.0,3.1,5.0,0,0,0,0,Low hike,4.040000000000001,1.078424777163433,3,0
101,2035,3.0,3.2,5.0,4.0,4.1,0,0,0,0,Low hike,3.8599999999999994,0.7987490219086343,3,0
102,2223,3.3,3.8,5.0,3.4,2.5,0,1,0,0,Low hike,3.6,0.9137833441248533,1,0
103,3910,4.9,4.6,2.3,5.0,4.9,1,0,0,0,High hike,4.340000000000001,1.150217370760849,4,2
104,3357,4.5,2.6,2.5,2.2,3.3,0,0,0,1,Low hike,3.0200000000000005,0.9203260291874831,1,0
105,2164,2.7,4.4,3.9,5.0,2.3,0,0,0,0,Low hike,3.66,1.1371015785759864,2,2
106,3464,5.0,2.9,4.6,3.6,2.7,0,0,0,0,Low hike,3.7600000000000002,1.016366075781753,2,0
107,3341,3.3,5.0,5.0,5.0,5.0,1,0,1,0,High hike,4.66,0.7602631123499285,4,1
108,3034,2.7,2.9,5.0,3.9,5.0,0,0,0,0,Low hike,3.9,1.1022703842524302,2,0
109,2946,2.8,5.0,2.5,5.0,3.3,0,0,0,0,Low hike,3.72,1.2029131306956458,2,2
110,2304,5.0,4.6,2.9,5.0,4.2,1,0,0,0,High hike,4.34,0.8706319543871567,4,2
111,3759,3.8,5.0,3.7,4.5,5.0,1,0,0,0,High hike,4.4,0.6284902544988268,3,1
112,3385,3.5,5.0,5.0,5.0,5.0,1,0,0,0,High hike,4.7,0.6708203932499369,4,1
113,2615,5.0,5.0,5.0,3.4,2.6,0,0,0,0,Low hike,4.2,1.131370849898476,3,0
114,2361,4.2,3.8,3.8,5.0,5.0,1,0,0,0,High hike,4.36,0.6066300355241241,3,2
115,3405,5.0,4.4,5.0,5.0,5.0,0,0,0,0,Low hike,4.88,0.2683281572999746,5,1
116,2704,4.6,3.4,4.4,5.0,2.9,0,0,0,0,Low hike,4.06,0.8763560920082658,3,2
117,3872,3.5,5.0,5.0,5.0,5.0,1,0,1,0,High hike,4.7,0.6708203932499369,4,1
118,2168,3.9,4.0,2.3,4.8,5.0,1,0,0,0,High hike,4.0,1.065363787633126,3,2
119,3923,4.3,2.3,3.0,3.5,5.0,0,0,0,0,Low hike,3.62,1.0616025621672172,2,0
120,3065,2.5,4.9,2.9,3.0,2.9,0,0,0,0,Low hike,3.2399999999999998,0.9476286192385708,1,0
121,2127,5.0,4.5,5.0,4.3,5.0,1,0,0,0,High hike,4.76,0.33615472627943227,5,1
122,2032,2.9,5.0,4.8,5.0,5.0,1,0,0,0,High hike,4.54,0.920869154657707,4,1
123,2324,3.6,5.0,5.0,5.0,5.0,1,0,1,0,High hike,4.720000000000001,0.626099033699941,4,1
124,3330,5.0,2.9,3.2,2.3,2.6,0,0,0,1,Low hike,3.2000000000000006,1.0606601717798212,1,0
125,2155,5.0,4.2,5.0,4.5,4.5,1,0,0,0,High hike,4.64,0.3507135583350036,5,1
126,2007,5.0,3.6,5.0,4.7,4.6,1,0,0,0,High hike,4.58,0.5761944116355172,4,1
127,2354,3.4,5.0,5.0,5.0,5.0,1,0,0,0,High hike,4.68,0.7155417527999328,4,1
128,3265,5.0,4.7,5.0,5.0,5.0,1,0,0,0,High hike,4.9399999999999995,0.1341640786499873,5,1
129,3546,4.4,2.8,5.0,3.9,4.6,0,0,0,0,Low hike,4.139999999999999,0.8473488065725945,3,0
130,3774,4.4,5.0,4.4,5.0,5.0,1,0,0,0,High hike,4.76,0.32863353450309946,5,1
131,3771,2.6,5.0,3.3,5.0,4.1,0,0,0,0,Low hike,4.0,1.0559356040971437,3,2
132,3381,3.0,4.9,5.0,5.0,3.1,0,0,0,0,Low hike,4.2,1.0511898020814319,3,1
133,2084,3.6,5.0,5.0,5.0,5.0,1,0,1,0,High hike,4.720000000000001,0.626099033699941,4,1
134,3980,4.0,4.9,5.0,5.0,5.0,1,0,0,0,High hike,4.779999999999999,0.43817804600413296,5,1
135,2420,4.1,2.8,2.3,4.4,3.9,0,0,0,0,Low hike,3.5,0.9027735042633895,2,2
136,3164,4.8,5.0,2.5,5.0,5.0,0,0,0,0,Low hike,4.46,1.0990905331227268,4,2
137,2010,3.6,4.0,3.9,4.8,5.0,1,0,0,0,High hike,4.26,0.606630035524124,3,1
138,2097,5.0,3.8,4.6,5.0,4.4,1,0,0,0,High hike,4.56,0.4979959839195493,4,1
139,3497,4.1,3.8,5.0,4.2,5.0,1,0,0,0,High hike,4.42,0.5495452665613635,4,1
