record_no,id,neuroticism,extraversion,openness_to_experience,agreeableness,conscientiousness,success_classification_high_low,flag_id_collision,flag_repeat_score_profile,flag_outlier_z3,outcome,z_neuroticism,z_extraversion,z_openness_to_experience,z_agreeableness,z_conscientiousness,n_traits_above_median,cluster
1,8120,33,34,39,45,51,1,0,0,0,High success,-0.28332734307387814,-0.758564475853179,-0.2057150726523519,0.03519890875834683,0.43815092723068505,1,2
2,8951,50,36,31,59,39,0,0,0,0,Low success,1.2253631977689312,-0.5937481727325827,-0.9122777755222976,1.274860476591372,-0.47011902063378225,1,1
3,8656,38,35,42,39,49,1,1,0,0,High success,0.16040516893871282,-0.6761563242928809,0.05924594092387774,-0.4960846203129497,0.28677260258660714,0,2
4,8796,41,26,30,40,19,0,0,0,0,Low success,0.4266446761462674,-1.417829688335564,-1.0005981133810409,-0.4075373654677336,-1.9839022670745612,0,3
5,8470,20,17,21,31,26,0,0,0,0,Low success,-1.4370318743066146,-2.1595030523782475,-1.7954811541097297,-1.2044626590746783,-1.4540781308202886,0,3
6,8063,50,33,21,47,27,0,0,0,0,Low success,1.2253631977689312,-0.8409726274134771,-1.7954811541097297,0.212293418448779,-1.3783889684982495,1,1
7,8778,26,54,49,48,60,1,0,0,0,High success,-0.9045528598915055,0.8895985553527838,0.6774883059350802,0.3008406732939951,1.1193533881290356,4,2
8,8072,33,40,28,24,43,0,0,0,0,Low success,-0.28332734307387814,-0.2641155664913902,-1.1772387890985272,-1.824293442991191,-0.16736237134562648,0,3
9,8360,31,38,49,43,56,1,0,0,0,High success,-0.4608203478789145,-0.4289318696119865,0.6774883059350802,-0.14189560093208534,0.8165967388408798,2,2
10,8001,58,27,64,42,28,0,0,0,0,Low success,1.9353352169890767,-1.335421536775266,2.0022933738162285,-0.23044285577730142,-1.3026998061762107,1,0
11,8422,21,60,46,46,57,1,0,0,0,High success,-1.3482853719040964,1.3840474647145726,0.4125272923588506,0.12374616360356291,0.8922859011629187,3,2
12,8303,47,22,32,42,57,0,1,0,0,Low success,0.9591236905613766,-1.7474622945767566,-0.8239574376635544,-0.23044285577730142,0.8922859011629187,1,0
13,8596,33,50,40,43,55,1,0,0,0,High success,-0.28332734307387814,0.5599659491115913,-0.1173947347936087,-0.14189560093208534,0.7409075765188408,2,2
14,8979,31,56,53,52,64,1,0,0,0,High success,-0.4608203478789145,1.0544148584733801,1.030769657370053,0.6550296926748594,1.4221100374171913,4,2
15,8233,40,48,46,50,49,1,0,0,0,High success,0.3378981737437492,0.39514964599099495,0.4125272923588506,0.4779351829844273,0.28677260258660714,3,2
16,8733,27,60,38,45,40,0,0,0,0,Low success,-0.8158063574889873,1.3840474647145726,-0.2940354105110951,0.03519890875834683,-0.3944298583117433,1,2
17,8198,31,43,42,59,31,0,1,0,0,Low success,-0.4608203478789145,-0.016891111810495768,0.05924594092387774,1.274860476591372,-1.0756323192100938,1,1
18,8083,44,36,49,40,50,1,0,0,0,High success,0.692884183353822,-0.5937481727325827,0.6774883059350802,-0.4075373654677336,0.3624617649086461,2,2
19,8168,27,48,50,50,55,1,0,0,0,High success,-0.8158063574889873,0.39514964599099495,0.7658086437938235,0.4779351829844273,0.7409075765188408,4,2
20,8159,23,46,51,54,52,1,0,0,0,High success,-1.17079236709906,0.23033334287039864,0.8541289816525667,0.8321242023652916,0.513840089552724,4,2
21,8776,25,58,34,45,18,0,0,0,0,Low success,-0.9932993622940237,1.2192311615939764,-0.647316761946068,0.03519890875834683,-2.0595914293966002,1,3
22,8128,35,54,28,42,23,0,0,0,0,Low success,-0.10583433826884177,0.8895985553527838,-1.1772387890985272,-0.23044285577730142,-1.6811456177864053,1,3
23,8028,24,22,26,57,34,0,0,0,0,Low success,-1.0820458646965418,-1.7474622945767566,-1.3538794648160137,1.0977659669009399,-0.8485648322439769,1,1
24,8897,33,40,44,39,44,0,0,0,0,Low success,-0.28332734307387814,-0.2641155664913902,0.23588661664136418,-0.4960846203129497,-0.09167320902358755,0,2
25,8196,39,53,58,49,58,1,0,0,0,High success,0.249151671341231,0.8071904037924856,1.4723713466637691,0.3893879281392112,0.9679750634849577,4,2
26,8051,35,49,53,49,59,1,0,0,0,High success,-0.10583433826884177,0.4775577975512931,1.030769657370053,0.3893879281392112,1.0436642258069966,4,2
27,8444,18,29,28,37,20,0,0,0,0,Low success,-1.614524879111651,-1.1706052336546697,-1.1772387890985272,-0.6731791300033818,-1.9082131047525221,0,3
28,8610,40,34,38,46,26,0,0,0,0,Low success,0.3378981737437492,-0.758564475853179,-0.2940354105110951,0.12374616360356291,-1.4540781308202886,0,1
29,8959,46,45,42,22,35,0,0,0,0,Low success,0.8703771881588583,0.1479251913101005,0.05924594092387774,-2.001387952681623,-0.772875669921938,0,0
30,8225,44,43,49,46,52,1,0,0,0,High success,0.692884183353822,-0.016891111810495768,0.6774883059350802,0.12374616360356291,0.513840089552724,2,2
31,8484,46,30,25,37,51,0,0,0,0,Low success,0.8703771881588583,-1.0881970820943716,-1.442199802674757,-0.6731791300033818,0.43815092723068505,1,3
32,8228,26,32,37,44,35,0,1,0,0,Low success,-0.9045528598915055,-0.9233807789737752,-0.3823557483698383,-0.05334834608686925,-0.772875669921938,0,3
33,8881,50,59,53,20,25,0,0,0,0,Low success,1.2253631977689312,1.3016393131542745,1.030769657370053,-2.178482462372055,-1.5297672931423274,2,0
34,8104,61,17,41,59,25,0,0,0,0,Low success,2.201574724196631,-2.1595030523782475,-0.029074396934865472,1.274860476591372,-1.5297672931423274,1,0
35,8312,60,21,31,33,25,0,0,0,0,Low success,2.1128282217941132,-1.8298704461370547,-0.9122777755222976,-1.0273681493842461,-1.5297672931423274,0,0
36,8065,17,26,34,30,44,0,1,0,0,Low success,-1.7032713815141693,-1.417829688335564,-0.647316761946068,-1.2930099139198945,-0.09167320902358755,0,3
37,8799,56,53,25,43,44,0,0,0,0,Low success,1.7578422121840402,0.8071904037924856,-1.442199802674757,-0.14189560093208534,-0.09167320902358755,1,0
38,8667,38,34,24,20,29,0,0,0,0,Low success,0.16040516893871282,-0.758564475853179,-1.5305201405335,-2.178482462372055,-1.2270106438541717,0,3
39,8648,29,41,44,43,24,0,0,0,0,Low success,-0.638313352683951,-0.18170741493109205,0.23588661664136418,-0.14189560093208534,-1.6054564554643664,0,3
40,8605,47,50,47,60,58,1,0,0,0,High success,0.9591236905613766,0.5599659491115913,0.5008476302175938,1.3634077314365882,0.9679750634849577,4,2
41,8611,39,49,47,48,52,1,0,0,0,High success,0.249151671341231,0.4775577975512931,0.5008476302175938,0.3008406732939951,0.513840089552724,4,2
42,8898,31,31,24,23,44,0,0,0,0,Low success,-0.4608203478789145,-1.0057889305340735,-1.5305201405335,-1.912840697836407,-0.09167320902358755,0,3
43,8351,27,25,24,53,45,0,0,0,0,Low success,-0.8158063574889873,-1.5002378398958622,-1.5305201405335,0.7435769475200755,-0.01598404670154861,1,1
44,8623,33,31,30,46,63,0,0,0,0,Low success,-0.28332734307387814,-1.0057889305340735,-1.0005981133810409,0.12374616360356291,1.3464208750951523,1,2
45,8308,22,46,44,60,42,0,1,0,0,Low success,-1.2595388695015783,0.23033334287039864,0.23588661664136418,1.3634077314365882,-0.24305153366766544,2,2
46,8745,34,54,53,54,40,1,0,0,0,High success,-0.19458084067135997,0.8895985553527838,1.030769657370053,0.8321242023652916,-0.3944298583117433,3,2
47,8009,35,46,46,47,56,1,0,0,0,High success,-0.10583433826884177,0.23033334287039864,0.4125272923588506,0.212293418448779,0.8165967388408798,4,2
48,8863,23,62,55,49,64,1,0,0,0,High success,-1.17079236709906,1.5488637678351689,1.2074103330875396,0.3893879281392112,1.4221100374171913,4,2
49,8734,33,50,46,48,53,1,0,0,0,High success,-0.28332734307387814,0.5599659491115913,0.4125272923588506,0.3008406732939951,0.5895292518747629,4,2
50,8880,46,53,58,38,56,1,0,0,0,High success,0.8703771881588583,0.8071904037924856,1.4723713466637691,-0.5846318751581657,0.8165967388408798,3,2
51,8565,37,50,52,46,54,1,0,0,0,High success,0.07165866653619461,0.5599659491115913,0.94244931951131,0.12374616360356291,0.6652184141968018,3,2
52,8069,52,41,43,46,49,1,0,0,0,High success,1.4028562025739675,-0.18170741493109205,0.14756627878262096,0.12374616360356291,0.28677260258660714,0,0
53,8640,27,51,57,53,49,1,0,0,0,High success,-0.8158063574889873,0.6423741006718894,1.384051008805026,0.7435769475200755,0.28677260258660714,3,2
54,8819,39,60,50,47,63,1,0,0,0,High success,0.249151671341231,1.3840474647145726,0.7658086437938235,0.212293418448779,1.3464208750951523,4,2
55,8884,27,42,20,37,33,0,0,0,0,Low success,-0.8158063574889873,-0.09929926337079391,-1.8838014919684731,-0.6731791300033818,-0.9242539945660159,0,3
56,8489,28,51,53,56,60,1,1,0,0,High success,-0.7270598550864691,0.6423741006718894,1.030769657370053,1.0092187120557239,1.1193533881290356,4,2
57,8212,35,54,44,50,57,1,0,0,0,High success,-0.10583433826884177,0.8895985553527838,0.23588661664136418,0.4779351829844273,0.8922859011629187,3,2
58,8905,34,28,24,22,42,0,0,0,0,Low success,-0.19458084067135997,-1.2530133852149679,-1.5305201405335,-2.001387952681623,-0.24305153366766544,0,3
59,8228,44,28,44,61,27,0,1,0,0,Low success,0.692884183353822,-1.2530133852149679,0.23588661664136418,1.4519549862818042,-1.3783889684982495,1,1
60,8308,37,50,53,41,51,1,1,0,0,High success,0.07165866653619461,0.5599659491115913,1.030769657370053,-0.31899011062251753,0.43815092723068505,3,2
61,8278,25,57,45,42,50,1,0,0,0,High success,-0.9932993622940237,1.1368230100336782,0.3242069545001074,-0.23044285577730142,0.3624617649086461,3,2
62,8756,23,65,50,26,54,0,0,0,0,Low success,-1.17079236709906,1.7960882225160633,0.7658086437938235,-1.6471989333007588,0.6652184141968018,3,2
63,8189,21,44,38,32,46,0,0,0,0,Low success,-1.3482853719040964,0.06551703974980237,-0.2940354105110951,-1.1159154042294623,0.05970511562049033,0,3
64,8546,30,21,40,62,24,0,0,0,0,Low success,-0.5495668502814327,-1.8298704461370547,-0.1173947347936087,1.5405022411270204,-1.6054564554643664,1,1
65,8412,44,61,39,26,29,0,0,0,0,Low success,0.692884183353822,1.4664556162748708,-0.2057150726523519,-1.6471989333007588,-1.2270106438541717,1,0
66,8086,27,37,55,55,45,0,0,0,0,Low success,-0.8158063574889873,-0.5113400211722846,1.2074103330875396,0.9206714572105077,-0.01598404670154861,2,2
67,8736,27,55,45,45,58,1,0,0,0,High success,-0.8158063574889873,0.9720067069130819,0.3242069545001074,0.03519890875834683,0.9679750634849577,3,2
68,8612,38,44,47,41,51,1,0,0,0,High success,0.16040516893871282,0.06551703974980237,0.5008476302175938,-0.31899011062251753,0.43815092723068505,2,2
69,8131,27,61,54,49,66,1,0,0,0,High success,-0.8158063574889873,1.4664556162748708,1.1190899952287963,0.3893879281392112,1.5734883620612692,4,2
70,8317,44,47,46,46,40,1,0,0,0,High success,0.692884183353822,0.31274149443069676,0.4125272923588506,0.12374616360356291,-0.3944298583117433,2,2
71,8342,41,38,48,49,49,1,0,0,0,High success,0.4266446761462674,-0.4289318696119865,0.5891679680763371,0.3893879281392112,0.28677260258660714,2,2
72,8516,29,56,42,49,61,1,0,0,0,High success,-0.638313352683951,1.0544148584733801,0.05924594092387774,0.3893879281392112,1.1950425504510744,3,2
73,8868,60,37,40,42,56,1,0,0,0,High success,2.1128282217941132,-0.5113400211722846,-0.1173947347936087,-0.23044285577730142,0.8165967388408798,1,0
74,8341,35,51,52,45,54,1,0,0,0,High success,-0.10583433826884177,0.6423741006718894,0.94244931951131,0.03519890875834683,0.6652184141968018,3,2
75,8676,41,36,53,43,50,1,0,0,0,High success,0.4266446761462674,-0.5937481727325827,1.030769657370053,-0.14189560093208534,0.3624617649086461,2,2
76,8445,42,55,39,55,58,1,0,0,0,High success,0.5153911785487856,0.9720067069130819,-0.2057150726523519,0.9206714572105077,0.9679750634849577,3,2
77,8657,29,62,48,49,55,1,0,0,0,High success,-0.638313352683951,1.5488637678351689,0.5891679680763371,0.3893879281392112,0.7409075765188408,4,2
78,8572,28,32,24,51,51,0,0,0,0,Low success,-0.7270598550864691,-0.9233807789737752,-1.5305201405335,0.5664824378296434,0.43815092723068505,2,1
79,8679,30,54,47,58,57,1,0,0,0,High success,-0.5495668502814327,0.8895985553527838,0.5008476302175938,1.186313221746156,0.8922859011629187,4,2
80,8859,31,41,27,58,41,0,0,0,0,Low success,-0.4608203478789145,-0.18170741493109205,-1.2655591269572706,1.186313221746156,-0.3187406959897044,1,1
81,8628,36,22,19,62,62,0,0,0,0,Low success,-0.017087835866323578,-1.7474622945767566,-1.9721218298272163,1.5405022411270204,1.2707317127731135,2,1
82,8712,40,54,44,49,62,1,0,0,0,High success,0.3378981737437492,0.8895985553527838,0.23588661664136418,0.3893879281392112,1.2707317127731135,3,2
83,8972,47,48,65,44,46,1,0,0,0,High success,0.9591236905613766,0.39514964599099495,2.0906137116749717,-0.05334834608686925,0.05970511562049033,2,2
84,8092,65,31,27,29,29,0,0,0,0,Low success,2.556560733806704,-1.0057889305340735,-1.2655591269572706,-1.3815571687651105,-1.2270106438541717,0,0
85,8301,35,42,34,29,50,0,1,0,0,Low success,-0.10583433826884177,-0.09929926337079391,-0.647316761946068,-1.3815571687651105,0.3624617649086461,1,3
86,8209,25,17,43,31,24,0,0,0,0,Low success,-0.9932993622940237,-2.1595030523782475,0.14756627878262096,-1.2044626590746783,-1.6054564554643664,0,3
87,8198,41,39,48,46,59,1,1,0,0,High success,0.4266446761462674,-0.3465237180516883,0.5891679680763371,0.12374616360356291,1.0436642258069966,2,2
88,8789,27,36,35,46,43,0,0,0,0,Low success,-0.8158063574889873,-0.5937481727325827,-0.5589964240873248,0.12374616360356291,-0.16736237134562648,0,3
89,8498,66,45,49,24,24,0,0,0,0,Low success,2.6453072362092223,0.1479251913101005,0.6774883059350802,-1.824293442991191,-1.6054564554643664,1,0
90,8708,35,45,47,56,62,1,0,0,0,High success,-0.10583433826884177,0.1479251913101005,0.5008476302175938,1.0092187120557239,1.2707317127731135,3,2
91,8230,34,45,44,46,49,1,0,0,0,High success,-0.19458084067135997,0.1479251913101005,0.23588661664136418,0.12374616360356291,0.28677260258660714,0,2
92,8956,19,46,25,64,22,0,0,0,0,Low success,-1.5257783767091329,0.23033334287039864,-1.442199802674757,1.7175967508174526,-1.7568347801084443,2,1
93,8540,46,47,45,43,52,1,0,0,0,High success,0.8703771881588583,0.31274149443069676,0.3242069545001074,-0.14189560093208534,0.513840089552724,3,2
94,8112,32,59,48,49,57,1,0,0,0,High success,-0.3720738454763963,1.3016393131542745,0.5891679680763371,0.3893879281392112,0.8922859011629187,4,2
95,8694,45,51,39,56,53,1,0,0,0,High success,0.7816306857563402,0.6423741006718894,-0.2057150726523519,1.0092187120557239,0.5895292518747629,3,2
96,8064,20,39,19,25,24,0,0,0,0,Low success,-1.4370318743066146,-0.3465237180516883,-1.9721218298272163,-1.7357461881459748,-1.6054564554643664,0,3
97,8656,36,46,45,44,54,1,1,0,0,High success,-0.017087835866323578,0.23033334287039864,0.3242069545001074,-0.05334834608686925,0.6652184141968018,3,2
98,8800,32,50,49,45,53,1,0,0,0,High success,-0.3720738454763963,0.5599659491115913,0.6774883059350802,0.03519890875834683,0.5895292518747629,3,2
99,8919,26,51,49,48,59,1,0,0,0,High success,-0.9045528598915055,0.6423741006718894,0.6774883059350802,0.3008406732939951,1.0436642258069966,4,2
100,8585,41,23,21,27,61,0,0,0,0,Low success,0.4266446761462674,-1.6650541430164585,-1.7954811541097297,-1.5586516784555426,1.1950425504510744,1,3
101,8769,26,26,19,34,35,0,0,0,0,Low success,-0.9045528598915055,-1.417829688335564,-1.9721218298272163,-0.9388208945390301,-0.772875669921938,0,3
102,8631,28,33,45,30,21,0,0,0,0,Low success,-0.7270598550864691,-0.8409726274134771,0.3242069545001074,-1.2930099139198945,-1.832523942430483,1,3
103,8161,47,43,47,51,43,1,0,0,0,High success,0.9591236905613766,-0.016891111810495768,0.5008476302175938,0.5664824378296434,-0.16736237134562648,2,2
104,8508,40,22,22,20,29,0,0,0,0,Low success,0.3378981737437492,-1.7474622945767566,-1.7071608162509866,-2.178482462372055,-1.2270106438541717,0,3
105,8239,24,40,23,64,21,0,0,0,0,Low success,-1.0820458646965418,-0.2641155664913902,-1.6188404783922434,1.7175967508174526,-1.832523942430483,1,1
106,8288,54,25,48,34,21,0,0,0,0,Low success,1.580349207379004,-1.5002378398958622,0.5891679680763371,-0.9388208945390301,-1.832523942430483,1,0
107,8396,28,56,44,49,59,1,0,0,0,High success,-0.7270598550864691,1.0544148584733801,0.23588661664136418,0.3893879281392112,1.0436642258069966,3,2
108,8887,23,24,39,37,64,0,1,0,0,Low success,-1.17079236709906,-1.5826459914561604,-0.2057150726523519,-0.6731791300033818,1.4221100374171913,1,3
109,8150,26,52,29,54,30,0,0,0,0,Low success,-0.9045528598915055,0.7247822522321875,-1.088918451239784,0.8321242023652916,-1.1513214815321327,2,1
110,8309,56,42,43,50,38,1,0,0,0,High success,1.7578422121840402,-0.09929926337079391,0.14756627878262096,0.4779351829844273,-0.5458081829558212,1,0
111,8190,34,50,56,39,49,1,0,0,0,High success,-0.19458084067135997,0.5599659491115913,1.2957306709462828,-0.4960846203129497,0.28677260258660714,2,2
112,8355,29,51,49,49,57,1,0,0,0,High success,-0.638313352683951,0.6423741006718894,0.6774883059350802,0.3893879281392112,0.8922859011629187,4,2
113,8933,44,53,44,30,24,0,0,0,0,Low success,0.692884183353822,0.8071904037924856,0.23588661664136418,-1.2930099139198945,-1.6054564554643664,1,0
114,8598,36,36,55,47,46,1,0,0,0,High success,-0.017087835866323578,-0.5937481727325827,1.2074103330875396,0.212293418448779,0.05970511562049033,2,2
115,8511,52,40,27,63,45,0,0,0,0,Low success,1.4028562025739675,-0.2641155664913902,-1.2655591269572706,1.6290494959722364,-0.01598404670154861,1,1
116,8417,44,29,20,50,26,0,0,0,0,Low success,0.692884183353822,-1.1706052336546697,-1.8838014919684731,0.4779351829844273,-1.4540781308202886,1,1
117,8301,30,56,41,48,52,1,1,0,0,High success,-0.5495668502814327,1.0544148584733801,-0.029074396934865472,0.3008406732939951,0.513840089552724,3,2
118,8725,34,35,50,45,59,1,0,0,0,High success,-0.19458084067135997,-0.6761563242928809,0.7658086437938235,0.03519890875834683,1.0436642258069966,2,2
119,8357,40,21,61,32,54,0,0,0,0,Low success,0.3378981737437492,-1.8298704461370547,1.7373323602399988,-1.1159154042294623,0.6652184141968018,2,0
120,8567,21,44,28,27,23,0,0,0,0,Low success,-1.3482853719040964,0.06551703974980237,-1.1772387890985272,-1.5586516784555426,-1.6811456177864053,0,3
121,8333,54,39,43,38,50,1,0,0,0,High success,1.580349207379004,-0.3465237180516883,0.14756627878262096,-0.5846318751581657,0.3624617649086461,1,0
122,8089,23,48,47,58,61,1,0,0,0,High success,-1.17079236709906,0.39514964599099495,0.5008476302175938,1.186313221746156,1.1950425504510744,4,2
123,8173,31,50,43,44,55,1,0,0,0,High success,-0.4608203478789145,0.5599659491115913,0.14756627878262096,-0.05334834608686925,0.7409075765188408,2,2
124,8520,50,25,48,17,23,0,0,0,0,Low success,1.2253631977689312,-1.5002378398958622,0.5891679680763371,-2.4441242269077037,-1.6811456177864053,1,0
125,8418,62,37,45,43,39,1,0,0,0,High success,2.2903212265991493,-0.5113400211722846,0.3242069545001074,-0.14189560093208534,-0.47011902063378225,1,0
126,8722,57,31,51,41,42,1,0,0,0,High success,1.8465887145865585,-1.0057889305340735,0.8541289816525667,-0.31899011062251753,-0.24305153366766544,1,0
127,8591,32,59,58,51,60,1,0,0,0,High success,-0.3720738454763963,1.3016393131542745,1.4723713466637691,0.5664824378296434,1.1193533881290356,4,2
128,8380,49,45,40,50,58,1,0,0,0,High success,1.136616695366413,0.1479251913101005,-0.1173947347936087,0.4779351829844273,0.9679750634849577,2,2
129,8835,40,26,31,36,43,0,0,0,0,Low success,0.3378981737437492,-1.417829688335564,-0.9122777755222976,-0.7617263848485979,-0.16736237134562648,0,3
130,8011,42,45,44,46,54,1,0,0,0,High success,0.5153911785487856,0.1479251913101005,0.23588661664136418,0.12374616360356291,0.6652184141968018,1,2
131,8192,23,47,45,62,38,0,0,0,0,Low success,-1.17079236709906,0.31274149443069676,0.3242069545001074,1.5405022411270204,-0.5458081829558212,3,2
132,8558,27,46,24,64,25,0,0,0,0,Low success,-0.8158063574889873,0.23033334287039864,-1.5305201405335,1.7175967508174526,-1.5297672931423274,2,1
133,8887,34,47,49,52,53,1,1,0,0,High success,-0.19458084067135997,0.31274149443069676,0.6774883059350802,0.6550296926748594,0.5895292518747629,4,2
134,8065,36,47,54,52,51,1,1,0,0,High success,-0.017087835866323578,0.31274149443069676,1.1190899952287963,0.6550296926748594,0.43815092723068505,4,2
135,8609,37,22,33,38,35,0,0,0,0,Low success,0.07165866653619461,-1.7474622945767566,-0.7356370998048112,-0.5846318751581657,-0.772875669921938,0,3
136,8121,42,61,30,53,51,0,0,0,0,Low success,0.5153911785487856,1.4664556162748708,-1.0005981133810409,0.7435769475200755,0.43815092723068505,3,2
137,8521,19,57,46,52,57,1,0,0,0,High success,-1.5257783767091329,1.1368230100336782,0.4125272923588506,0.6550296926748594,0.8922859011629187,4,2
138,8303,39,46,47,50,50,1,1,0,0,High success,0.249151671341231,0.23033334287039864,0.5008476302175938,0.4779351829844273,0.3624617649086461,4,2
139,8764,44,46,43,39,52,1,0,0,0,High success,0.692884183353822,0.23033334287039864,0.14756627878262096,-0.4960846203129497,0.513840089552724,2,2
140,8865,23,62,28,64,62,0,0,0,0,Low success,-1.17079236709906,1.5488637678351689,-1.1772387890985272,1.7175967508174526,1.2707317127731135,3,2
141,8372,28,65,18,64,23,0,0,0,0,Low success,-0.7270598550864691,1.7960882225160633,-2.0604421676859594,1.7175967508174526,-1.6811456177864053,2,1
142,8684,33,55,43,55,65,1,0,0,0,High success,-0.28332734307387814,0.9720067069130819,0.14756627878262096,0.9206714572105077,1.4977991997392301,3,2
143,8862,33,42,41,50,47,1,0,0,0,High success,-0.28332734307387814,-0.09929926337079391,-0.029074396934865472,0.4779351829844273,0.13539427794252928,1,2
144,8638,68,43,36,26,44,0,0,0,0,Low success,2.8228002410142587,-0.016891111810495768,-0.47067608622858154,-1.6471989333007588,-0.09167320902358755,0,0
145,8743,40,53,55,41,51,1,0,0,0,High success,0.3378981737437492,0.8071904037924856,1.2074103330875396,-0.31899011062251753,0.43815092723068505,3,2
146,8447,20,60,61,60,60,1,0,0,0,High success,-1.4370318743066146,1.3840474647145726,1.7373323602399988,1.3634077314365882,1.1193533881290356,4,2
147,8543,32,24,42,24,28,0,0,0,0,Low success,-0.3720738454763963,-1.5826459914561604,0.05924594092387774,-1.824293442991191,-1.3026998061762107,0,3
148,8076,67,34,25,68,52,0,0,0,0,Low success,2.7340537386117405,-0.758564475853179,-1.442199802674757,2.071785770198317,0.513840089552724,2,1
149,8753,27,55,60,51,57,1,0,0,0,High success,-0.8158063574889873,0.9720067069130819,1.6490120223812557,0.5664824378296434,0.8922859011629187,4,2
150,8489,56,20,23,21,24,0,1,0,0,Low success,1.7578422121840402,-1.9122785976973529,-1.6188404783922434,-2.0899352075268394,-1.6054564554643664,0,0
151,8261,44,42,42,45,47,1,0,0,0,High success,0.692884183353822,-0.09929926337079391,0.05924594092387774,0.03519890875834683,0.13539427794252928,0,2
152,8894,38,51,46,48,48,1,0,0,0,High success,0.16040516893871282,0.6423741006718894,0.4125272923588506,0.3008406732939951,0.2110834402645682,3,2
153,8847,22,53,55,46,62,1,0,0,0,High success,-1.2595388695015783,0.8071904037924856,1.2074103330875396,0.12374616360356291,1.2707317127731135,3,2
154,8281,32,67,31,27,39,0,0,0,0,Low success,-0.3720738454763963,1.9609045256366595,-0.9122777755222976,-1.5586516784555426,-0.47011902063378225,1,3
155,8729,41,41,18,66,30,0,0,0,0,Low success,0.4266446761462674,-0.18170741493109205,-2.0604421676859594,1.8946912605078847,-1.1513214815321327,1,1
156,8221,24,64,59,51,56,1,0,0,0,High success,-1.0820458646965418,1.7136800709557651,1.5606916845225125,0.5664824378296434,0.8165967388408798,4,2
157,8427,51,56,50,48,44,1,0,0,0,High success,1.3141097001714492,1.0544148584733801,0.7658086437938235,0.3008406732939951,-0.09167320902358755,3,2
158,8061,27,32,47,46,49,0,0,0,0,Low success,-0.8158063574889873,-0.9233807789737752,0.5008476302175938,0.12374616360356291,0.28677260258660714,1,2
159,8779,28,54,59,45,53,1,0,0,0,High success,-0.7270598550864691,0.8895985553527838,1.5606916845225125,0.03519890875834683,0.5895292518747629,3,2
160,8090,24,47,32,19,20,0,0,0,0,Low success,-1.0820458646965418,0.31274149443069676,-0.8239574376635544,-2.2670297172172713,-1.9082131047525221,1,3
161,8504,36,43,49,46,48,1,0,0,0,High success,-0.017087835866323578,-0.016891111810495768,0.6774883059350802,0.12374616360356291,0.2110834402645682,1,2
