record_no,id,big_data_skills,maths_stats_skills,coding_skills,ai_and_ml_skills,dashboard_and_storytelling_skills,salary_hike_high_or_low,flag_id_collision,flag_repeat_score_profile,flag_outlier_z3
1,2809,3.6,4.0,4.5,4.8,5.0,1,0,0,0
2,2231,5.0,3.8,3.3,5.0,4.4,0,0,0,0
3,3522,4.1,3.8,4.4,4.2,5.0,1,0,0,0
4,3291,4.4,3.0,3.3,4.6,2.3,0,1,0,0
5,3424,2.3,2.3,2.6,3.3,3.0,0,0,0,0
6,3757,5.0,3.8,2.6,4.9,2.9,0,0,0,0
7,2544,3.0,5.0,5.0,5.0,5.0,1,0,0,0
8,3482,3.8,4.4,3.4,3.0,4.8,0,0,0,0
9,3702,3.5,4.4,5.0,4.6,5.0,1,0,0,0
10,3312,5.0,3.1,5.0,4.8,3.2,0,0,0,0
11,3944,2.4,5.0,5.0,5.0,5.0,1,0,0,0
12,2668,4.9,2.7,3.8,4.6,5.0,0,0,0,0
13,2386,3.8,5.0,4.6,4.7,5.0,1,0,0,0
14,2622,3.6,5.0,5.0,5.0,5.0,1,0,0,0
15,3398,4.5,5.0,5.0,5.0,5.0,1,0,0,0
16,3043,2.9,5.0,4.4,5.0,4.4,0,0,0,0
17,2292,3.7,4.8,4.6,5.0,3.3,0,0,0,0
18,3101,5.0,3.9,5.0,4.2,5.0,1,0,0,0
19,3861,3.1,5.0,5.0,5.0,5.0,1,0,0,0
20,2381,2.8,4.9,5.0,5.0,5.0,1,0,0,0
21,3176,2.9,5.0,3.9,5.0,2.3,0,0,0,0
22,3060,3.8,5.0,3.2,4.6,2.5,0,0,0,0
23,2518,2.9,2.5,3.2,5.0,3.9,0,0,0,0
24,3876,3.5,4.5,4.6,4.4,4.6,0,0,0,0
25,2511,4.3,5.0,5.0,5.0,5.0,1,0,0,0
26,2180,4.0,5.0,5.0,5.0,5.0,1,0,0,0
27,3819,2.4,3.4,3.1,4.3,2.5,0,0,0,0
28,3788,4.4,4.0,4.1,4.9,2.9,0,0,0,0
29,3608,5.0,5.0,4.6,2.8,3.7,0,0,0,0
30,3291,4.8,4.5,5.0,4.8,5.0,1,1,0,0
31,2845,5.0,3.5,3.1,4.3,5.0,0,0,0,0
32,3400,3.1,3.8,4.1,4.9,3.8,0,0,0,0
33,2963,3.6,4.0,4.5,4.8,5.0,0,0,0,0
34,2627,5.0,3.8,3.3,5.0,4.4,0,0,1,0
35,3742,4.1,3.8,4.4,4.2,5.0,0,0,0,0
36,2651,4.4,3.0,3.3,4.6,2.3,0,0,1,0
37,2931,2.3,2.3,2.6,3.3,3.0,0,0,1,0
38,2132,5.0,3.8,2.6,4.9,2.9,0,0,1,0
39,3287,3.0,5.0,5.0,5.0,5.0,0,0,0,0
40,2530,3.8,4.4,3.4,3.0,4.8,1,0,0,0
41,2812,3.5,4.4,5.0,4.6,5.0,1,0,1,0
42,3781,5.0,3.1,5.0,4.8,3.2,0,0,1,0
43,3160,2.4,5.0,5.0,5.0,5.0,0,0,0,0
44,2189,4.9,2.7,3.8,4.6,5.0,0,0,1,0
45,2088,3.8,5.0,4.6,4.7,5.0,0,0,0,0
46,2261,3.6,5.0,5.0,5.0,5.0,1,0,1,0
47,3418,4.5,5.0,5.0,5.0,5.0,1,0,1,0
48,3530,2.9,5.0,4.4,5.0,4.4,1,0,0,0
49,2711,3.7,4.8,4.6,5.0,3.3,1,0,0,0
50,2355,5.0,3.9,5.0,4.2,5.0,1,0,1,0
51,3150,3.1,5.0,5.0,5.0,5.0,1,0,1,0
52,2171,2.8,4.9,5.0,5.0,5.0,1,0,1,0
53,3408,2.9,5.0,3.9,5.0,2.3,1,0,0,0
54,3407,3.8,5.0,3.2,4.6,2.5,1,0,0,0
55,2681,2.9,2.5,3.2,5.0,3.9,0,0,1,0
56,2136,3.5,4.5,4.6,4.4,4.6,1,0,0,0
57,2053,4.3,5.0,5.0,5.0,5.0,1,0,1,0
58,2529,4.0,5.0,5.0,5.0,5.0,0,0,0,0
59,2223,2.4,3.4,3.1,4.3,2.5,0,1,1,0
60,3807,4.2,5.0,5.0,4.5,5.0,1,0,0,0
61,4000,3.1,5.0,4.9,4.6,5.0,1,0,0,0
62,2620,2.6,5.0,5.0,3.0,5.0,0,0,0,0
63,2962,2.3,4.6,4.3,3.8,5.0,0,0,0,0
64,2212,3.5,2.4,4.6,5.0,2.9,0,0,0,0
65,3326,4.8,5.0,4.4,2.9,3.5,0,0,0,0
66,3768,3.1,4.1,5.0,5.0,5.0,0,0,0,0
67,2635,3.3,5.0,5.0,5.0,5.0,1,0,0,0
68,3695,4.0,4.6,5.0,4.7,5.0,1,0,0,0
69,2275,3.0,5.0,5.0,5.0,5.0,1,0,1,0
70,3504,4.8,4.9,4.9,4.8,4.2,1,0,0,0
71,2536,4.5,4.1,5.0,5.0,5.0,1,0,0,0
72,2906,3.3,5.0,4.8,5.0,5.0,1,0,0,0
73,2759,5.0,4.2,4.4,4.7,5.0,1,0,0,0
74,2045,4.1,5.0,5.0,5.0,5.0,1,0,0,0
75,2161,4.6,3.9,5.0,4.6,5.0,1,0,0,0
76,3032,4.6,5.0,4.5,5.0,5.0,1,0,0,0
77,3679,3.1,5.0,5.0,5.0,5.0,1,0,1,0
78,3106,3.0,3.5,2.9,5.0,5.0,0,0,0,0
79,3281,3.2,5.0,5.0,5.0,5.0,1,0,0,0
80,2094,3.4,4.4,3.3,5.0,4.4,0,0,0,0
81,2276,3.9,2.7,2.2,5.0,5.0,0,0,0,0
82,2966,4.3,5.0,4.7,5.0,5.0,1,0,0,0
83,3773,5.0,5.0,5.0,4.8,5.0,1,0,0,0
84,3855,5.0,3.5,2.9,3.5,3.1,0,0,0,0
85,2405,3.7,4.5,3.9,3.5,5.0,0,0,0,0
86,2925,2.8,2.2,2.3,3.6,2.7,0,0,0,0
87,2981,4.7,4.5,3.0,5.0,5.0,1,0,0,0
88,2991,2.9,3.9,2.9,5.0,4.8,0,0,0,0
89,2667,5.0,4.8,5.0,3.0,3.0,0,0,0,0
90,3841,4.1,4.9,4.8,5.0,5.0,1,0,0,0
91,2310,3.8,5.0,5.0,4.8,5.0,1,0,0,0
92,2725,2.5,5.0,3.2,5.0,2.7,0,0,0,0
93,2630,5.0,5.0,5.0,4.9,5.0,1,0,0,0
94,2487,3.7,5.0,5.0,5.0,5.0,1,0,0,0
95,2577,4.9,5.0,5.0,5.0,5.0,1,0,0,0
96,3476,2.5,4.3,5.0,3.1,3.0,0,0,0,0
97,3440,4.1,5.0,5.0,4.9,5.0,1,0,0,0
98,3618,3.5,5.0,4.4,4.8,5.0,1,0,0,0
99,3818,3.1,5.0,3.3,5.0,5.0,1,0,0,0
100,2941,4.4,2.7,5.0,3.1,5.0,0,0,0,0
101,2035,3.0,3.2,5.0,4.0,4.1,0,0,0,0
102,2223,3.3,3.8,5.0,3.4,2.5,0,1,0,0
103,3910,4.9,4.6,2.3,5.0,4.9,1,0,0,0
104,3357,4.5,2.6,2.5,2.2,3.3,0,0,0,1
105,2164,2.7,4.4,3.9,5.0,2.3,0,0,0,0
106,3464,5.0,2.9,4.6,3.6,2.7,0,0,0,0
107,3341,3.3,5.0,5.0,5.0,5.0,1,0,1,0
108,3034,2.7,2.9,5.0,3.9,5.0,0,0,0,0
109,2946,2.8,5.0,2.5,5.0,3.3,0,0,0,0
110,2304,5.0,4.6,2.9,5.0,4.2,1,0,0,0
111,3759,3.8,5.0,3.7,4.5,5.0,1,0,0,0
112,3385,3.5,5.0,5.0,5.0,5.0,1,0,0,0
113,2615,5.0,5.0,5.0,3.4,2.6,0,0,0,0
114,2361,4.2,3.8,3.8,5.0,5.0,1,0,0,0
115,3405,5.0,4.4,5.0,5.0,5.0,0,0,0,0
116,2704,4.6,3.4,4.4,5.0,2.9,0,0,0,0
117,3872,3.5,5.0,5.0,5.0,5.0,1,0,1,0
118,2168,3.9,4.0,2.3,4.8,5.0,1,0,0,0
119,3923,4.3,2.3,3.0,3.5,5.0,0,0,0,0
120,3065,2.5,4.9,2.9,3.0,2.9,0,0,0,0
121,2127,5.0,4.5,5.0,4.3,5.0,1,0,0,0
122,2032,2.9,5.0,4.8,5.0,5.0,1,0,0,0
123,2324,3.6,5.0,5.0,5.0,5.0,1,0,1,0
124,3330,5.0,2.9,3.2,2.3,2.6,0,0,0,1
125,2155,5.0,4.2,5.0,4.5,4.5,1,0,0,0
126,2007,5.0,3.6,5.0,4.7,4.6,1,0,0,0
127,2354,3.4,5.0,5.0,5.0,5.0,1,0,0,0
128,3265,5.0,4.7,5.0,5.0,5.0,1,0,0,0
129,3546,4.4,2.8,5.0,3.9,4.6,0,0,0,0
130,3774,4.4,5.0,4.4,5.0,5.0,1,0,0,0
131,3771,2.6,5.0,3.3,5.0,4.1,0,0,0,0
132,3381,3.0,4.9,5.0,5.0,3.1,0,0,0,0
133,2084,3.6,5.0,5.0,5.0,5.0,1,0,1,0
134,3980,4.0,4.9,5.0,5.0,5.0,1,0,0,0
135,2420,4.1,2.8,2.3,4.4,3.9,0,0,0,0
136,3164,4.8,5.0,2.5,5.0,5.0,0,0,0,0
137,2010,3.6,4.0,3.9,4.8,5.0,1,0,0,0
138,2097,5.0,3.8,4.6,5.0,4.4,1,0,0,0
139,3497,4.1,3.8,5.0,4.2,5.0,1,0,0,0
